[
  {
    "id":1,
    "DepName":"内科",
    "SecondDepName":[
      {
        "id":18,
        "SDepName":"心血管内科"
      },
      {
        "id":19,
        "SDepName":"呼吸内科"
      },
      {
        "id":20,
        "SDepName":"消化内科"
      },
      {
        "id":21,
        "SDepName":"肾内科"
      },
      {
        "id":22,
        "SDepName":"血液内科"
      },
      {
        "id":23,
        "SDepName":"内分泌科"
      },
      {
        "id":24,
        "SDepName":"神经内科"
      },
      {
        "id":25,
        "SDepName":"风湿免疫科"
      }
    ]
  },
  {
    "id":2,
    "DepName":"外科",
    "SecondDepName":[
      {
        "id":26,
        "SDepName":"心胸外科"
      },
      {
        "id":27,
        "SDepName":"肝胆外科"
      },
      {
        "id":28,
        "SDepName":"胃肠外科"
      },
      {
        "id":29,
        "SDepName":"神经外科"
      },
      {
        "id":30,
        "SDepName":"骨科"
      },
      {
        "id":31,
        "SDepName":"泌尿外科"
      },
      {
        "id":32,
        "SDepName":"肛肠外科"
      },
      {
        "id":33,
        "SDepName":"乳腺外科"
      },
      {
        "id":34,
        "SDepName":"外伤科"
      },
      {
        "id":35,
        "SDepName":"手外科"
      },
      {
        "id":36,
        "SDepName":"烧伤科"
      },
      {
        "id":37,
        "SDepName":"器官移植"
      },
      {
        "id":38,
        "SDepName":"血管外科"
      },
      {
        "id":39,
        "SDepName":"整形外科"
      },
      {
        "id":40,
        "SDepName":"儿外科"
      }
    ]
  },
  {
    "id":3,
    "DepName":"妇产科",
    "SecondDepName":[
      {
        "id":41,
        "SDepName":"妇科"
      },
      {
        "id":42,
        "SDepName":"产科"
      },
      {
        "id":43,
        "SDepName":"计划生育科"
      },
      {
        "id":44,
        "SDepName":"生殖科"
      }
    ]
  },
  {
    "id":4,
    "DepName":"儿科",
    "SecondDepName":[
      {
        "id":45,
        "SDepName":"儿科"
      },
      {
        "id":46,
        "SDepName":"新生儿科"
      }
    ]
  },
  {
    "id":5,
    "DepName":"皮肤性病科",
    "SecondDepName":[
      {
        "id":47,
        "SDepName":"皮肤科"
      },
      {
        "id":48,
        "SDepName":"性病科"
      }
    ]
  },
  {
    "id":6,
    "DepName":"五官科",
    "SecondDepName":[
      {
        "id":49,
        "SDepName":"耳鼻咽喉科"
      },
      {
        "id":50,
        "SDepName":"眼科"
      }
    ]
  },
  {
    "id":7,
    "DepName":"传染科"
  },
  {
    "id":8,
    "DepName":"老年科"
  },
  {
    "id":9,
    "DepName":"急诊科"
  },
  {
    "id":10,
    "DepName":"肿瘤科",
    "SecondDepName":[
      {
        "id":51,
        "SDepName":"肿瘤内科"
      },
      {
        "id":52,
        "SDepName":"放疗科"
      }
    ]
  },
  {
    "id":11,
    "DepName":"精神心理科",
    "SecondDepName":[
      {
        "id":53,
        "SDepName":"精神病科"
      },
      {
        "id":54,
        "SDepName":"心理咨询"
      }
    ]
  },
  {
    "id":12,
    "DepName":"影像医学与核医学",
    "SecondDepName":[
      {
        "id":55,
        "SDepName":"影像科"
      },
      {
        "id":56,
        "SDepName":"超声科"
      },
      {
        "id":57,
        "SDepName":"核医学科"
      }
    ]
  },
  {
    "id":13,
    "DepName":"临床检验诊断学",
    "SecondDepName":[
      {
        "id":58,
        "SDepName":"影像科"
      },
      {
        "id":59,
        "SDepName":"超声科"
      },
      {
        "id":60,
        "SDepName":"核医学科"
      }
    ]
  },
  {
    "id":14,
    "DepName":"口腔科",
    "SecondDepName":[
      {
        "id":61,
        "SDepName":"牙周病科"
      },
      {
        "id":62,
        "SDepName":"牙髓病科"
      },
      {
        "id":63,
        "SDepName":"正畸科"
      }
    ]
  },
  {
    "id":15,
    "DepName":"麻醉科",
    "SecondDepName":[
      {
        "id":64,
        "SDepName":"麻醉科"
      }
    ]
  },
  {
    "id":16,
    "DepName":"中医科"
  },
  {
    "id":17,
    "DepName":"康复医学与理疗学"
  },
  {
    "id":0,
    "DepName":"暂无科室"
  }
]