{
  "dau": {
    "teacherActive": 1120,
    "studentActive": 640,
    "teacherTotalNum": 1230,
    "teacherTodayNum": 1123,
    "teacherRate": 435,
    "studentTotalNum": 3451,
    "studentTodayNum": 1242,
    "studentRate": 678,
    "groupTotalNum": 1234,
    "groupTodayNum": 99,
    "groupRate": 12,
    "courseTotalNum": 134,
    "courseTodayNum": 135,
    "courseRate": 12
  },
  "wau": {
    "teacherActive": 7212,
    "studentActive": 4251,
    "teacherTotalNum": 7901,
    "teacherTodayNum": 7123,
    "teacherRate": 2812,
    "studentTotalNum": 11230,
    "studentTodayNum": 4412,
    "studentRate": 192,
    "groupTotalNum": 168,
    "groupTodayNum": 347,
    "groupRate": 825,
    "courseTotalNum": 206,
    "courseTodayNum": 315,
    "courseRate": 486
  },
  "mau": {
    "teacherActive": 192831,
    "studentActive": 998271,
    "teacherTotalNum": 112345,
    "teacherTodayNum": 92012,
    "teacherRate": 82912,
    "studentTotalNum": 12345,
    "studentTodayNum": 66753,
    "studentRate": 11203,
    "groupTotalNum": 10982,
    "groupTodayNum": 1204,
    "groupRate": 5567,
    "courseTotalNum": 1123,
    "courseTodayNum": 7764,
    "courseRate": 9980
  }
}