{
    "success": true,
    "message": null,
    "bean": {
        "pageNum": 1,
        "pageSize": 10,
        "pageCount": 2,
        "rowCount": 11,
        "data": [{
            "id": 7,
            "title": "1",
            "abstract_": "12123123",
            "context": "<p>&nbsp; &nbsp; 121312132123<br></p><p><br></p>",
            "addtime": 1487661333000,
            "addusername": "admin",
            "typeId": 201,
            "typeName": "一级菜单/二级菜单1-1",
            "source": "12123",
            "sourceUrl": "123123",
            "author": "123132",
            "readStats": 0,
            "collectionStats": 0,
            "state": "Y",
            "projectId": 1
        }, {
            "id": 8,
            "title": "2",
            "abstract_": "1",
            "context": "<p>1<br></p>",
            "addtime": 1487661377000,
            "addusername": "admin",
            "typeId": 204,
            "typeName": "一级菜单2/二级菜单2-1",
            "source": "1",
            "sourceUrl": "1",
            "author": "1",
            "readStats": 0,
            "collectionStats": 0,
            "state": "Y",
            "projectId": 1
        }, {
            "id": 9,
            "title": "2",
            "abstract_": "1",
            "context": "<p>1<br></p>",
            "addtime": 1487661461000,
            "addusername": "admin",
            "typeId": 204,
            "typeName": "一级菜单2/二级菜单2-1",
            "source": "1",
            "sourceUrl": "1",
            "author": "1",
            "readStats": 0,
            "collectionStats": 0,
            "state": "Y",
            "projectId": 1
        }, {
            "id": 10,
            "title": "1",
            "abstract_": "1",
            "context": "<p>1<br></p>",
            "addtime": 1487661743000,
            "addusername": "admin",
            "typeId": 205,
            "typeName": "一级菜单2/二级菜单2-2",
            "source": "1",
            "sourceUrl": "1",
            "author": "1",
            "readStats": 0,
            "collectionStats": 0,
            "state": "Y",
            "projectId": 1
        }, {
            "id": 11,
            "title": "1",
            "abstract_": "1",
            "context": "<p>1<br></p>",
            "addtime": 1487661747000,
            "addusername": "admin",
            "typeId": 205,
            "typeName": "一级菜单2/二级菜单2-2",
            "source": "1",
            "sourceUrl": "1",
            "author": "1",
            "readStats": 0,
            "collectionStats": 0,
            "state": "Y",
            "projectId": 1
        }, {
            "id": 12,
            "title": "1",
            "abstract_": "1",
            "context": "<p>1<br></p>",
            "addtime": 1487661762000,
            "addusername": "admin",
            "typeId": 205,
            "typeName": "一级菜单2/二级菜单2-2",
            "source": "1",
            "sourceUrl": "1",
            "author": "1",
            "readStats": 0,
            "collectionStats": 0,
            "state": "Y",
            "projectId": 1
        }, {
            "id": 13,
            "title": "2",
            "abstract_": "1",
            "context": "<p>1<br></p>",
            "addtime": 1487661874000,
            "addusername": "admin",
            "typeId": 206,
            "typeName": "一级菜单2/二级菜单2-3",
            "source": "1",
            "sourceUrl": "1",
            "author": "1",
            "readStats": 0,
            "collectionStats": 0,
            "state": "Y",
            "projectId": 1
        }, {
            "id": 14,
            "title": "1",
            "abstract_": "1",
            "context": "<p>1<br></p>",
            "addtime": 1487662025000,
            "addusername": "admin",
            "typeId": 203,
            "typeName": "一级菜单/二级菜单1-3",
            "source": "1",
            "sourceUrl": "1",
            "author": "1",
            "readStats": 0,
            "collectionStats": 0,
            "state": "Y",
            "projectId": 1
        }, {
            "id": 15,
            "title": "1",
            "abstract_": "1",
            "context": "<p>1<br></p>",
            "addtime": 1487662358000,
            "addusername": "admin",
            "typeId": 205,
            "typeName": "一级菜单2/二级菜单2-2",
            "source": "1",
            "sourceUrl": "1",
            "author": "1",
            "readStats": 0,
            "collectionStats": 0,
            "state": "Y",
            "projectId": 1
        }, {
            "id": 16,
            "title": "4",
            "abstract_": "1",
            "context": "<p>1<br></p>",
            "addtime": 1487662523000,
            "addusername": "admin",
            "typeId": 204,
            "typeName": "一级菜单2/二级菜单2-1",
            "source": "1",
            "sourceUrl": "1",
            "author": "1",
            "readStats": 0,
            "collectionStats": 0,
            "state": "Y",
            "projectId": 1
        }]
    }
}
