[{
    "openState": "profile",
    "uploaderId": "500px3969670",
    "createdTime": 1478903720000,
    "width": 1029,
    "state": 0,
    "photoCount": 0,
    "commentCount": 0,
    "url": {
        "p3": "https://pic.500px.me/picurl/vcg1cb36094aab3bc7d8e4319f4fa182909.jpg?code=abfdb24748ca43c9",
        "p2": "https://pic.500px.me/picurl/vcg1cb36094aab3bc7d8e4319f4fa182909.jpg?code=ac26f1c6a37bbd9a",
        "p1": "https://pic.500px.me/picurl/vcg1cb36094aab3bc7d8e4319f4fa182909.jpg?code=e04d16d0061f4734"
    },
    "resourceType": 0,
    "id": "500px123158185",
    "uploaderInfo": {
        "id": "500px3969670",
        "coverUrl": {
            "p5": "https://pic.500px.me/picurl/cover-500px396967043e83a5bc1d543758cf39f452bb6102e---jpg.jpg?code=4f56941be5c9f344",
            "p3": "https://pic.500px.me/picurl/cover-500px396967043e83a5bc1d543758cf39f452bb6102e---jpg.jpg?code=6decd6535a8dbb75"
        },
        "nickName": "Jesus Domenech Font",
        "userName": "Jesus Domenech Font",
        "userFollowedCount": 7,
        "avatar": {
            "a1": "https://pic.500px.me/picurl/avatar/avatar-500px3969670075a0de6077d4bc0bb790ef8e5fcadb9---jpg.jpg?code=79eddc27ed211d16"
        }
    },
    "title": "Defense fortress",
    "height": 685,
    "pictureLikeedCount": 6,
    "createdDate": 1478903732871
}, {
    "openState": "profile",
    "uploaderId": "500px626407",
    "createdTime": 1385243353000,
    "width": 900,
    "state": 0,
    "photoCount": 0,
    "commentCount": 0,
    "url": {
        "p3": "https://pic.500px.me/picurl/vcg982125c9640170d024ff7067a4be0864.jpg?code=d38183603a9742e9",
        "p2": "https://pic.500px.me/picurl/vcg982125c9640170d024ff7067a4be0864.jpg?code=b3493655be04845d",
        "p1": "https://pic.500px.me/picurl/vcg982125c9640170d024ff7067a4be0864.jpg?code=2357573876c8b36d"
    },
    "resourceType": 0,
    "id": "500px52963850",
    "uploaderInfo": {
        "id": "500px626407",
        "coverUrl": {},
        "nickName": "Suponov Timur",
        "userName": "Suponov Timur",
        "userFollowedCount": 7,
        "avatar": {
            "a1": "https://pic.500px.me/picurl/avatar/avatar-500px62640724fd4ee3d3fe4e6589773f68383ed191---jpg.jpg?code=dd07f1659c03b049"
        }
    },
    "height": 600,
    "pictureLikeedCount": 2,
    "createdDate": 1470322070000
}, {
    "openState": "profile",
    "uploaderId": "500px1981655",
    "createdTime": 1485275382000,
    "width": 2048,
    "state": 0,
    "photoCount": 0,
    "commentCount": 0,
    "url": {
        "p3": "https://pic.500px.me/picurl/vcg005d7ca3279a7bb3e4f983e555d5b23b.jpg?code=de458f12da9798e6",
        "p2": "https://pic.500px.me/picurl/vcg005d7ca3279a7bb3e4f983e555d5b23b.jpg?code=ee8226d44adfdbe7",
        "p1": "https://pic.500px.me/picurl/vcg005d7ca3279a7bb3e4f983e555d5b23b.jpg?code=51a0972d5eb79e5f"
    },
    "resourceType": 0,
    "id": "500px101532931",
    "uploaderInfo": {
        "id": "500px1981655",
        "coverUrl": {
            "p5": "https://pic.500px.me/picurl/cover-500px19816551d1eba47201840a982308f0d661142b4---jpg.jpg?code=904ae5e98b06b42d",
            "p3": "https://pic.500px.me/picurl/cover-500px19816551d1eba47201840a982308f0d661142b4---jpg.jpg?code=28f9033fda38d181"
        },
        "nickName": "Ionescu Dragos",
        "userName": "Ionescu Dragos",
        "userFollowedCount": 0,
        "avatar": {
            "a1": "https://pacdn.500px.org/1981655/24b56ce7bd64077d51b7af2247dfd08bf4c39cff/1.jpg?7"
        }
    },
    "title": "Stylish...",
    "height": 2048,
    "pictureLikeedCount": 12,
    "createdDate": 1485277622076
}, {
    "openState": "profile",
    "uploaderId": "500px18978365",
    "createdTime": 1470716452000,
    "width": 1363,
    "state": 0,
    "photoCount": 0,
    "commentCount": 0,
    "url": {
        "p3": "https://pic.500px.me/picurl/vcga35892745b66fc50c81c17958d4f882e.jpg?code=bbb47ceed516142c",
        "p2": "https://pic.500px.me/picurl/vcga35892745b66fc50c81c17958d4f882e.jpg?code=b21b25688e5ded1d",
        "p1": "https://pic.500px.me/picurl/vcga35892745b66fc50c81c17958d4f882e.jpg?code=7f28c5a4d1429b49"
    },
    "resourceType": 0,
    "id": "500px166978109",
    "uploaderInfo": {
        "id": "500px18978365",
        "coverUrl": {
            "p5": "https://pic.500px.me/picurl/cover-500px18978365ec8e00bfd32b4992b75600c41323b73d---jpg.jpg?code=488c8d045634e815",
            "p3": "https://pic.500px.me/picurl/cover-500px18978365ec8e00bfd32b4992b75600c41323b73d---jpg.jpg?code=aa42763bcdb15c60"
        },
        "nickName": "Agno Akash",
        "userName": "Agno Akash",
        "userFollowedCount": 0,
        "avatar": {
            "a1": "https://pic.500px.me/picurl/avatar/avatar-500px189783657c493124e9194650ab24c7533e88f061---jpg.jpg?code=a2f4265c1f4bda48"
        }
    },
    "title": "No Smoking ",
    "height": 2048,
    "pictureLikeedCount": 1,
    "createdDate": 1470716455000
}, {
    "openState": "profile",
    "uploaderId": "500px313254",
    "createdTime": 1483988143000,
    "width": 2048,
    "state": 0,
    "photoCount": 0,
    "commentCount": 0,
    "url": {
        "p3": "https://pic.500px.me/picurl/vcg020e077669b16a3e24ff7067a4be0864.jpg?code=3ed3cd4429ea5903",
        "p2": "https://pic.500px.me/picurl/vcg020e077669b16a3e24ff7067a4be0864.jpg?code=929bf16a3bfe8789",
        "p1": "https://pic.500px.me/picurl/vcg020e077669b16a3e24ff7067a4be0864.jpg?code=c1c546801e99f206"
    },
    "resourceType": 0,
    "id": "500px45096264",
    "uploaderInfo": {
        "id": "500px313254",
        "coverUrl": {
            "p5": "https://pic.500px.me/picurl/cover-500px31325471943909c99844f6bc193f702e4c0dbf---jpg.jpg?code=f6f8d79961e26431",
            "p3": "https://pic.500px.me/picurl/cover-500px31325471943909c99844f6bc193f702e4c0dbf---jpg.jpg?code=a29e8e74e0da8cbe"
        },
        "nickName": "Miguel Cardoso",
        "userName": "Miguel Cardoso",
        "userFollowedCount": 0,
        "avatar": {
            "a1": "https://pic.500px.me/picurl/avatar/avatar-500px31325443933d358b0a4855bfe23b7a382213d0---jpg.jpg?code=1c48a003ee555a51"
        }
    },
    "title": "Cards on Mountain",
    "height": 830,
    "pictureLikeedCount": 3,
    "createdDate": 1484041065535
}, {
    "openState": "profile",
    "uploaderId": "500px13969909",
    "createdTime": 1470884804000,
    "width": 2048,
    "state": 0,
    "photoCount": 0,
    "commentCount": 0,
    "url": {
        "p3": "https://pic.500px.me/picurl/vcge167bb3aa57c79288ae7a92b6c8f6f65.jpg?code=7ea483e2c65d4ab7",
        "p2": "https://pic.500px.me/picurl/vcge167bb3aa57c79288ae7a92b6c8f6f65.jpg?code=1bc01befa2b5801f",
        "p1": "https://pic.500px.me/picurl/vcge167bb3aa57c79288ae7a92b6c8f6f65.jpg?code=5f2e546bb76445cf"
    },
    "resourceType": 0,
    "id": "500px148009097",
    "uploaderInfo": {
        "id": "500px13969909",
        "coverUrl": {
            "p5": "https://pic.500px.me/picurl/cover-500px139699090c61ef9219334eb080e3576b31d34545---jpg.jpg?code=a411ab0672d7ad55",
            "p3": "https://pic.500px.me/picurl/cover-500px139699090c61ef9219334eb080e3576b31d34545---jpg.jpg?code=16890d4dd4b43425"
        },
        "nickName": "Lin Na",
        "userName": "Lin Na",
        "userFollowedCount": 6,
        "avatar": {
            "a1": "https://pic.500px.me/picurl/avatar/avatar-500px1396990998d8ff897ec74efb96b99403ea24a21f---jpg.jpg?code=60850d6bb3291486"
        }
    },
    "title": "Sitting in the sun",
    "height": 1462,
    "pictureLikeedCount": 3,
    "createdDate": 1470884827000
}, {
    "openState": "profile",
    "uploaderId": "500px578518",
    "createdTime": 1478456241000,
    "width": 1600,
    "state": 0,
    "photoCount": 0,
    "commentCount": 0,
    "url": {
        "p3": "https://pic.500px.me/picurl/vcg368a46ac30de989cf5d2686eec1068d1.jpg?code=c1fd5fbb737aaa59",
        "p2": "https://pic.500px.me/picurl/vcg368a46ac30de989cf5d2686eec1068d1.jpg?code=4ec4e38b39ce6315",
        "p1": "https://pic.500px.me/picurl/vcg368a46ac30de989cf5d2686eec1068d1.jpg?code=a56adef8671b170c"
    },
    "resourceType": 0,
    "id": "500px149836403",
    "uploaderInfo": {
        "id": "500px578518",
        "coverUrl": {
            "p5": "https://pic.500px.me/picurl/cover-500px5785180b5a996bb32f4b9fa030c5704af024ef---jpg.jpg?code=28882b8bb36db636",
            "p3": "https://pic.500px.me/picurl/cover-500px5785180b5a996bb32f4b9fa030c5704af024ef---jpg.jpg?code=308c00dad48524e9"
        },
        "nickName": "Massimiliano Teodori",
        "userName": "Massimiliano Teodori",
        "userFollowedCount": 0,
        "avatar": {
            "a1": "https://pic.500px.me/picurl/avatar/avatar-500px57851856d42c7e95c249bc884cd071e96ba15b---jpg.jpg?code=fb6b1ab0b78960a9"
        }
    },
    "title": "Mr. Pigeon",
    "height": 1067,
    "pictureLikeedCount": 7,
    "createdDate": 1478457360937
}, {
    "openState": "profile",
    "uploaderId": "500px353121",
    "createdTime": 1484764169000,
    "width": 2000,
    "state": 0,
    "photoCount": 0,
    "commentCount": 0,
    "url": {
        "p3": "https://pic.500px.me/picurl/vcga7d6765534f5c3dfc81c17958d4f882e.jpg?code=9566bd91f1cf2116",
        "p2": "https://pic.500px.me/picurl/vcga7d6765534f5c3dfc81c17958d4f882e.jpg?code=6feeb3bbd872d0cb",
        "p1": "https://pic.500px.me/picurl/vcga7d6765534f5c3dfc81c17958d4f882e.jpg?code=59c91734806642b2"
    },
    "resourceType": 0,
    "id": "500px184541659",
    "uploaderInfo": {
        "id": "500px353121",
        "coverUrl": {
            "p5": "https://pic.500px.me/picurl/cover-500px3531217efcb38d64f14499bb4ae36614f8b7f7---jpg.jpg?code=198f629e35708d5a",
            "p3": "https://pic.500px.me/picurl/cover-500px3531217efcb38d64f14499bb4ae36614f8b7f7---jpg.jpg?code=de9e9368f206fd1d"
        },
        "nickName": "Manish Lakhani",
        "userName": "Manish Lakhani",
        "userFollowedCount": 0,
        "avatar": {
            "a1": "https://pic.500px.me/picurl/avatar/avatar-500px353121c956caa9749e402fbeef11048de118d4---jpg.jpg?code=189370a71e5f9317"
        }
    },
    "title": "Portrait Vagad Rabari_DSC3793.jpg",
    "height": 1334,
    "pictureLikeedCount": 67,
    "createdDate": 1484790930014
}]
